{"eval_loss": 0.0007742965244688094, "eval_accuracy": 0.9999444484710693, "eval_runtime": 45.559, "eval_samples_per_second": 395.092, "eval_steps_per_second": 49.387}