{"eval_loss": 0.42653828859329224, "eval_accuracy": 0.8932015299797058, "eval_runtime": 21.231, "eval_samples_per_second": 385.897, "eval_steps_per_second": 48.278}