{"eval_loss": 0.37865352630615234, "eval_accuracy": 0.8943304419517517, "eval_runtime": 27.7411, "eval_samples_per_second": 354.78, "eval_steps_per_second": 44.375}